J,Scap
Adams,302395
Barnes,302395
Benson,302395
Billings,302395
Bottineau,302395
Bowman,302395
Burke,302395
Burleigh,302395
Cass,302395
Cavalier,302395
Dickey,302395
Divide,302395
Dunn,302395
Eddy,302395
Emmons,302395
Foster,302395
GoldenValley,302395
GrandForks,302395
Grant,302395
Griggs,302395
Hettinger,302395
Kidder,302395
LaMoure,302395
Logan,302395
McHenry,302395
McIntosh,302395
McKenzie,302395
McLean,302395
Mercer,302395
Mortonne,302395
Mountrail,302395
Nelson,302395
Oliver,302395
Pembina,302395
Pierce,302395
Ramsey,302395
Ransom,302395
Renville,302395
Richland,302395
Rolette,302395
Sargent,302395
Sheridan,302395
Sioux,302395
Slope,302395
Stark,302395
Steele,302395
Stutsman,302395
Towner,302395
Traill,302395
Walsh,302395
Ward,302395
Wells,302395
Williams,302395
